Title,Upvotes,Upvotes_Bin
"Adults of Reddit, what is something every Teenager needs to know?",79787,5
"Elevator-maintenance folks, what is the weirdest thing you have found at the bottom of the elevator chamber?",75258,5
"Adults of reddit, what is something that sucks about being an adult that most teenagers don’t realize?",72900,5
What's the dumbest way you've gotten a scar?,71759,5
"Formerly suicidal redditors, what's something that kept you alive a little while longer and helped you to get through the dark times in your lives ?",68799,5
What movie fucked you straight in your feelings?,63731,5
"People who have came close to dying, what were your “last” thoughts?",61938,5
"[Serious] People from Reddit who survived Corona, how has your daily life changed? What are the side effects after?",61764,5
"Only if COVID-19 was a pandemic causing Erectile Disorder instead of Respiratory disorder, do you think people would have more eagerly worn masks? Why or why not?",61215,5
What's the dumbest thing you actually believed?,58922,5
Moratorium on questions related to US Politics,59819,5
What absolutely makes no sense?,52364,5
What is the 'one' YouTube video you always come back to whenever you need laugh or smile?,50560,5
"Two armies are about to do battle, and both pray to you, their god, for victory. How do you decide who to help?",46499,4
"What was normal in 2000, but strange in 2020?",40919,4
What's the male equivalent for when girls go to the bathroom together?,40665,4
"Redditors who massively fucked up at work, what happened?",38167,4
What smells good but tastes bad?,34410,4
"You now have 10,000 of whatever object is to your left. What do you do with your newfound wares?",28510,4
What if every network gets their own streaming service until we come full circle and have basic cable again?,22973,4
What would be the worst features to give a sex robot?,14739,4
"What is the dumbest thing you've ever seen a man do to ""prove"" their ""manhood""?",14579,4
What is attractive regardless of gender?,13519,4
What is the scariest noise you've ever heard?,12649,4
How long did it take for you to realize that people older than you are just as clueless as you are?,11490,4
"Ex-developers of games, what is a secret people should know about?",11213,4
What is something unrealistic that you often see in movies that annoys the hell out of you?,10093,4
What cinema moment/experience/scene blew your mind away?,9414,3
"Art teachers of Reddit, do you ever cringe at your students art? If you have, what made the art so bad?",8514,3
How would your life change if you could double jump?,8440,3
What’s one thing you’ll never buy an off-brand “version” of again?,15804,4
What unexpected thing became popular out of nowhere?,6836,3
What is one thing your parents taught you but you will never teach your children??,6799,3
"What are the perks of being ""ugly""? [Serious]",5503,3
"If someone gave you a box containing everything you have lost in your life, what would be the first thing you'd search for?",5010,3
"You’ve been given $1M, but you’re not allowed to work and have to make it last your lifetime. How would you go about doing so?",4378,2
What scares you more than dying?,4341,2
What was the worst pain you have ever felt?,4191,2
What is a genuinely innocent question but yet usually offensive to whom it is directed to?,4118,2
Men of Reddit: What is the best relationship advice can you give us women?,4062,2
What cold case or unsolved crime still gives you chills?,4036,2
What is the darkest Fan Theory you know about?,3611,2
"Adults of Reddit, what is something every Teenager needs to know?",79800,5
"Elevator-maintenance folks, what is the weirdest thing you have found at the bottom of the elevator chamber?",75275,5
"Adults of reddit, what is something that sucks about being an adult that most teenagers don’t realize?",72916,5
What's the dumbest way you've gotten a scar?,71772,5
"Formerly suicidal redditors, what's something that kept you alive a little while longer and helped you to get through the dark times in your lives ?",68813,5
What movie fucked you straight in your feelings?,63732,5
"People who have came close to dying, what were your “last” thoughts?",61941,5
"[Serious] People from Reddit who survived Corona, how has your daily life changed? What are the side effects after?",61776,5
"Only if COVID-19 was a pandemic causing Erectile Disorder instead of Respiratory disorder, do you think people would have more eagerly worn masks? Why or why not?",61237,5
What's the dumbest thing you actually believed?,58934,5
Moratorium on questions related to US Politics,60081,5
What absolutely makes no sense?,52375,5
What is the 'one' YouTube video you always come back to whenever you need laugh or smile?,50576,5
"Two armies are about to do battle, and both pray to you, their god, for victory. How do you decide who to help?",46504,4
"What was normal in 2000, but strange in 2020?",40929,4
What's the male equivalent for when girls go to the bathroom together?,40673,4
"Redditors who massively fucked up at work, what happened?",38166,4
What smells good but tastes bad?,34446,4
"You now have 10,000 of whatever object is to your left. What do you do with your newfound wares?",28514,4
What if every network gets their own streaming service until we come full circle and have basic cable again?,22981,4
What would be the worst features to give a sex robot?,14749,4
"What is the dumbest thing you've ever seen a man do to ""prove"" their ""manhood""?",14588,4
What is attractive regardless of gender?,13518,4
What is the scariest noise you've ever heard?,12653,4
How long did it take for you to realize that people older than you are just as clueless as you are?,11497,4
"Ex-developers of games, what is a secret people should know about?",11224,4
What is something unrealistic that you often see in movies that annoys the hell out of you?,10092,4
What cinema moment/experience/scene blew your mind away?,9420,3
"Art teachers of Reddit, do you ever cringe at your students art? If you have, what made the art so bad?",8517,3
How would your life change if you could double jump?,8444,3
What’s one thing you’ll never buy an off-brand “version” of again?,16130,4
What unexpected thing became popular out of nowhere?,6843,3
What is one thing your parents taught you but you will never teach your children??,6818,3
"What are the perks of being ""ugly""? [Serious]",5507,3
"If someone gave you a box containing everything you have lost in your life, what would be the first thing you'd search for?",5009,3
"You’ve been given $1M, but you’re not allowed to work and have to make it last your lifetime. How would you go about doing so?",4381,2
What scares you more than dying?,4349,2
What was the worst pain you have ever felt?,4188,2
What is a genuinely innocent question but yet usually offensive to whom it is directed to?,4108,2
Men of Reddit: What is the best relationship advice can you give us women?,4060,2
What cold case or unsolved crime still gives you chills?,4043,2
What is the darkest Fan Theory you know about?,3616,2
"Adults of Reddit, what is something every Teenager needs to know?",79796,5
"Elevator-maintenance folks, what is the weirdest thing you have found at the bottom of the elevator chamber?",75271,5
"Adults of reddit, what is something that sucks about being an adult that most teenagers don’t realize?",72910,5
"Formerly suicidal redditors, what's something that kept you alive a little while longer and helped you to get through the dark times in your lives ?",68801,5
What movie fucked you straight in your feelings?,63736,5
"People who have came close to dying, what were your “last” thoughts?",61950,5
"[Serious] People from Reddit who survived Corona, how has your daily life changed? What are the side effects after?",61772,5
"Only if COVID-19 was a pandemic causing Erectile Disorder instead of Respiratory disorder, do you think people would have more eagerly worn masks? Why or why not?",61233,5
What's the dumbest thing you actually believed?,58927,5
Moratorium on questions related to US Politics,60094,5
What absolutely makes no sense?,52370,5
What is the 'one' YouTube video you always come back to whenever you need laugh or smile?,50572,5
"Two armies are about to do battle, and both pray to you, their god, for victory. How do you decide who to help?",46506,4
"What was normal in 2000, but strange in 2020?",40928,4
What's the male equivalent for when girls go to the bathroom together?,40675,4
"Redditors who massively fucked up at work, what happened?",38179,4
What smells good but tastes bad?,34450,4
"You now have 10,000 of whatever object is to your left. What do you do with your newfound wares?",28516,4
What if every network gets their own streaming service until we come full circle and have basic cable again?,22977,4
What would be the worst features to give a sex robot?,14741,4
"What is the dumbest thing you've ever seen a man do to ""prove"" their ""manhood""?",14595,4
What is the scariest noise you've ever heard?,12656,4
How long did it take for you to realize that people older than you are just as clueless as you are?,11499,4
"Ex-developers of games, what is a secret people should know about?",11225,4
What is something unrealistic that you often see in movies that annoys the hell out of you?,10097,4
What cinema moment/experience/scene blew your mind away?,9421,3
How would your life change if you could double jump?,8447,3
What’s one thing you’ll never buy an off-brand “version” of again?,16155,4
What unexpected thing became popular out of nowhere?,6840,3
"What are the perks of being ""ugly""? [Serious]",5508,3
"If someone gave you a box containing everything you have lost in your life, what would be the first thing you'd search for?",5019,3
"You’ve been given $1M, but you’re not allowed to work and have to make it last your lifetime. How would you go about doing so?",4385,2
What scares you more than dying?,4348,2
What was the worst pain you have ever felt?,4194,2
Men of Reddit: What is the best relationship advice can you give us women?,4057,2
What is the darkest Fan Theory you know about?,3617,2
